"user_id","name","address","city","state_province","postal_code","country","phone","balance","email","password","photo","dob","status","confirm_code"
"198501180950465013","Conrad Perry","79 Amber Branch Falls","Birdseye","QC","G0U 0M5","CA","484-181-9811","745.32","conrad.perry@fastmedia.com","a8d5015999a35d08231562036a26eb161f1e5a52f53db274d2378aeb664a75c9","","1985-01-18 09:50:46","1",""
"197704021735026235","Lonnie Knapp","636 Emerald Hickory Nook","Belcher","AK","12529","US","817-766-0585","306.60","lonnie.knapp@cablecom.com","73be17bb23e1739a8e91ade41c82b9d75a8fff5ff7ad18ec12daef37e396048d","","1977-04-02 17:35:02","1",""
"199410120752128333","Darrel Roman","31 Iron Grove Edge","Flushing","NT","0630","AU","339-574-2943","357.51","darrel.roman@southcom.net","4b83d7ab1bf5f6f7a31122b0f8e6308e0a8e3d58ccd310d86758f87ed203da12","","1994-10-12 07:52:12","1",""
"197702100846360781","Morgan Avila","572 Silver Deer Ridge","Hermits Cove","TN","36051","US","620-411-5128","918.28","morgan.avila@northmedia.com","ae694058608f31385a8692075ef3826d53471d31a4ceca08edeb775b4500fe78","","1977-02-10 08:46:36","1",""
"197212221303239643","Lee Mccray","195 Grand Dale Acres","Cake","","DD65 82QD","UK","265-666-2636","539.35","lee.mccray@southnet.com","41d5e2836e62d300f57ac88c9a089529cd132ff04095191fa9ec629dd4ffc254","","1972-12-22 13:03:23","1",""
"199803140325318470","Spencer Sanford","620 Colonial Autumn Meadow","Nooseneck","","PV9 74XN","UK","451-815-7386","-7.61","spencer.sanford@cablenet.net","03d7b45588c458e6fceca892cda4077f7e409c1a3e13a56b8f8203b6bdf4eede","","1998-03-14 03:25:31","1",""
"197007141820530647","Thomas Kirby","9 Blue River Valley","Nixon","NT","0181","AU","534-331-1166","414.45","thomas.kirby@southcom.com","94396545ce14ed914730a991777651f636c2b2cfa76549d5777fdb43e3cec808","","1970-07-14 18:20:53","1",""
"197702261013157851","Brian Crawford","123 Cinder Hills Drive","Honk Hill","","RJ90 98JM","UK","295-814-6932","125.58","brian.crawford@fastcom.net","d9df50c17f8b64cb6f0099242b4ab41ac2328828f43f73db657049743023d68e","","1977-02-26 10:13:15","1",""
"197011250251376581","Armando Barlow","211 Silent Pond Lane","Revenge","ON","P1F 9T1","CA","489-381-7892","445.07","armando.barlow@cablecom.com","f6f6526e6bada6073b3cf7a6f3691858d7a3703ba97dbed3d56a0a812e7dc5bb","","1970-11-25 02:51:37","1",""
"199801181911059343","Jess Rocha","678 Noble Nectar Woods","Blue Lick","ACT","2918","AU","726-538-4821","889.05","jess.rocha@eastcom.net","67ec002acec1c2a113e1a945075afae677224830cce8d95a027d245dc280c654","","1998-01-18 19:11:05","1",""
"198908221510154061","Felix Blevins","97 Sleepy Dale Avenue","Thonotosassa","SC","29058","US","189-809-6805","130.57","felix.blevins@southcom.net","7803850f92943917a02678976566b0f9bb814374fdede6f25cc2943f3e3568d3","","1989-08-22 15:10:15","1",""
"198602141714221900","Jose Carter","551 Wishing Zephyr Path","Stoops","","HH34 64HU","UK","176-111-1052","56.22","jose.carter@westcom.net","9a8a732c449fcf893736707c564d5f8cbe964e88824bcfaaa6d34ef7bafc2415","","1986-02-14 17:14:22","1",""
"198408281128505662","Orlando Fulton","602 Sunny Branch Acres","The Black Cat","","IA96 27YH","UK","827-337-1951","949.84","orlando.fulton@northcom.net","cbc4b4b3082757367873802748b3658afc89a13dca1e1d9360d5b58ade615eb8","","1984-08-28 11:28:50","1",""
"198006070529500371","Mitchell Roth","625 Heather Shadow Canyon","Lizard Lick","","TD92 7ZY","UK","710-718-4571","591.07","mitchell.roth@eastnet.com","dce0139edd71633fd76ea2fef13d61f3ee601ca0a9f99f7634181e2f79c19a35","","1980-06-07 05:29:50","1",""
"199112280732459446","Eduardo Wright","11 Quiet Spring Dale","Cockeysville","","RE29 13DE","UK","124-912-7627","156.36","eduardo.wright@fastmedia.com","56e38861ca26a0ad32b94b6b74284d5231ce6197295fa51f4fb158eef5f9ac6d","","1991-12-28 07:32:45","1",""
"199301100508499906","Marc Ellis","643 Shady Hills Glen","Israel Haul","QLD","4057","AU","594-470-8441","69.04","marc.ellis@westnet.com","967ba0d593c4712d38d1b80e2ce9c4b819a1c81f35fbeb64d755639db62998f8","","1993-01-10 05:08:49","1",""
"198203062048093259","Joaquin Moses","735 Cotton Island Vale","Kansas City","MT","33046","US","765-543-1756","936.64","joaquin.moses@eastcom.com","3e760ec9283d07477708bbd4a54633e820c7be00ef1483d7b1d9114250cdf4eb","","1982-03-06 20:48:09","1",""
"197912251427068551","Morris Vargas","45 Sleepy Branch Path","Defeated Creek","WA","4543","AU","519-975-1766","486.60","morris.vargas@fastnet.com","2975d75b35dcced6390779a8c50e3bb52fe699d04219075e658cf3294096e454","","1979-12-25 14:27:06","1",""
"200012251553519377","Gene Cruz","281 Burning Sky Landing","Nolichucky","DE","73882","US","791-962-5726","683.55","gene.cruz@eastcom.com","b848cfc0c5a81bddfdf0bd2b8c0a4d9c64af8f054df7599e0d58a3d93a7ad09d","","2000-12-25 15:53:51","1",""
"198408250337134082","Samuel Harding","729 Noble Bluff Terrace","Hallelujah Junction","NV","83512","US","866-990-2197","-11.56","samuel.harding@southmedia.net","9c82730380df45507381534a03f2287e6d13712540578fd172b8ee74b03ea81b","","1984-08-25 03:37:13","1",""
"199401120314340102","Lauri Grimes","601 Blue Spring Glade","Bravo","MB","J4H 2M3","CA","231-937-2143","-37.95","lauri.grimes@cablecom.com","a578af540bfc86d80a5b00c67c10ab59eda081e343465de96ff66873a9e04d8a","","1994-01-12 03:14:34","1",""
"197109100843139734"," Coleen Walker","574 Quiet Berry Stead","Chittyville","QLD","4888","AU","+61 7-222-3333","99.88","coleen.walker@fastmedia.com","49fa4100c57d6853a64dffba341f60a152f62a3c73355d883938a24da8f86974","","1971-09-10 08:43:13","1",""
"197605240318437672","Tabitha Foster","113 Silver Pine Chase","Pocahontas","ON","L3K 2N7","CA","851-939-3072","651.61","tabitha.foster@westcom.com","5e8634917b19751d1285b11124523e6e169c31a6aae725798f57f23739fb75b3","","1976-05-24 03:18:43","1",""
"197608201512358138","Cecelia Case","278 Thunder Spring Court","Dogpatch","SK","K3X 8H9","CA","133-528-9338","592.19","cecelia.case@southmedia.net","6da85c003533ca39178e44c2e2e54d3485229dad5d91e974ce135f013325af0d","","1976-08-20 15:12:35","1",""
"199610071452377474","Rhonda Kinney","683 Crystal Rabbit Estates","Plum Run","CT","89219","US","379-603-8848","46.61","rhonda.kinney@fastmedia.com","36263275f2282b9995354b447d01905dbefffc48452a5c1f8bb788739095dab4","","1996-10-07 14:52:37","1",""
"197303220456055307","Elvia Giles","348 Wishing Spring Pike","Comobabi","ACT","2611","AU","866-232-4492","527.02","elvia.giles@telenet.net","3aa997b585580859aa6d150bc7cc3ab99d9d23bdc9faff6dae421821e4859903","","1973-03-22 04:56:05","1",""
"199104152039199894","Flossie Dyer","428 Round Pond Jetty","Forty Fort","ND","81364","US","250-432-4616","525.73","flossie.dyer@cablenet.com","2fba3b82b70cad84702163779aa1c418a30f9255061bfe28aac41de8d85d89c7","","1991-04-15 20:39:19","1",""
"200101220438278303","Gabriela Davis","72 Sleepy Autumn Falls","Broom Hill","VA","98640","US","234-427-0283","88.07","gabriela.davis@southmedia.net","2743d90495304dedf0b324e8d08cf9e9ff287229a0a0a0b71467e2cb9a028095","","2001-01-22 04:38:27","1",""
"199601191552512499","Dolly Wong","551 Harvest Brook Canyon","Idle Hour","OR","11458","US","882-186-1276","933.67","dolly.wong@northmedia.net","f939c65407d2dc33fe6a12502a653d61afd13b86dbf93e5605a255ba94565222","","1996-01-19 15:52:51","1",""
"199306282041450447","Krista Cortez","118 Honey Autumn Street","Hornets Nest","TAS","5796","AU","152-155-6228","414.66","krista.cortez@eastcom.com","b8dff9cb932264b6fea9ef33cfcb9249ea68c41165e9e0ab1ebcd27142ebad41","","1993-06-28 20:41:45","1",""
"198911170610041430","Leta Solomon","430 Gentle Rabbit Avenue","Bethlehem","IN","51064","US","522-447-3315","332.75","leta.solomon@southnet.com","1615166814e7f3819f1b1af16d713997d8adeafde09dfb8ca982c6a989bf1eda","","1989-11-17 06:10:04","1",""
"199605041927539908","Matilda Barrera","122 Harvest Embers Path","Arabia","","YV84 12JC","UK","509-623-2575","470.32","matilda.barrera@northcom.com","8d46655f96b41aa6478de4c8c5828e77a526d5167f13fc99c50eece84c7fc504","","1996-05-04 19:27:53","1",""
"197305232223276020","Tommie Porter","977 Dusty Oak Mews","Purdytown","NT","0730","AU","425-442-7459","393.80","tommie.porter@fastnet.net","8c06633f24a8993ddcba6b50f225ffa636df3690b73a1b64453d98737d81bbe2","","1973-05-23 22:23:27","1",""
"197804240049508789","Helene Gillespie","299 Hidden Spring Promenade","Uno","MT","47378","US","223-198-6215","608.57","helene.gillespie@southcom.com","9d1c9cdc630a6d351cdbb2a2ac3492d7a4871e674d1723b96624b804beaae7ba","","1978-04-24 00:49:50","1",""
"198608260327294191","Camille Perez","272 High Goose Ledge","Honduras","QLD","4503","AU","739-437-7330","901.92","camille.perez@northnet.net","345b21899a18d7a20431a39a460a243432ce6fe39ef1a5920c00700f9d3bed67","","1986-08-26 03:27:29","1",""
"198907161159412695","Graciela Joyner","940 Indian Zephyr Nook","Talking Rock","NS","B2R 6L4","CA","113-619-2642","714.39","graciela.joyner@eastmedia.net","faeebefe7e018e58fde79fd1ce2b16b54fd2d0707db6912d20f861dde3eca3bd","","1989-07-16 11:59:41","1",""
"198408081356045036","Penelope Molina","173 Lost Butterfly View","Port Protection","ACT","2904","AU","174-508-9795","916.72","penelope.molina@telenet.net","849076bfffc6f75952635a134e2ec5046d105ee353cb554b3e5087475d102723","","1984-08-08 13:56:04","1",""
"198007031452576163","Celeste Justice","514 Velvet Log Pike","Manumuskin","QC","H3V 9S9","CA","400-566-1661","470.90","celeste.justice@southcom.com","d49fdae86c93986073544b26f973c6971023dc2daf6f1abb6e0c1bbd5f2b64eb","","1980-07-03 14:52:57","1",""
"199210140424253330","Lena Conway","854 Wishing Prairie Woods","Yankton","MB","J6L 2A2","CA","583-290-6400","757.22","lena.conway@eastnet.net","f6e2403683f2e933caf14274563c2995dd39eba839cdb57c0918746d57f95c87","","1992-10-14 04:24:25","1",""
"199712221129189452","Katrina Freeman","761 Foggy Blossom Dale","Chuloonawick","NSW","2971","AU","828-751-5394","952.12","katrina.freeman@telemedia.net","64ae39fb55c4f748a6a870220b6e2f05311196ab2056cac2a7bb69442a0458d4","","1997-12-22 11:29:18","1",""
"198501072235285062","Jeff Valdez","556 Sleepy Autumn Dale","Podunk","ACT","2916","AU","449-342-6478","796.50","jeff.valdez@telenet.com","4723f5b7d36d1464da3e46d8780a127cc74d0d096ef4f37ddcc8bc8c1f0e6195","","1985-01-07 22:35:28","1",""
"198607012006064622","Leonardo Parrish","511 Broad Forest Arbor","Gum Neck","","EK86 73GK","UK","154-107-5003","166.63","leonardo.parrish@eastnet.net","6db061c2c5f7662f16c110a43441bb3fc7f8df68df079ca863ef9f2c57a9f1db","","1986-07-01 20:06:06","1",""
"200101031652348807","Roland Chang","715 Emerald Goose Dale","Rough and Ready","VIC","3626","AU","354-577-0927","514.16","roland.chang@southmedia.com","58c3fe96c57e865990ca321e2ade08026cc65477db772fd554efb71da427598c","","2001-01-03 16:52:34","1",""
"197912060354576406","Raymond Sanford","976 Stony Pine Orchard","Massomuck","","OK78 20NI","UK","255-860-6100","101.41","raymond.sanford@cablenet.net","59904affe1bf7f291196576609f52814dac3f3d88ca0216dfcc629c551bb8f07","","1979-12-06 03:54:57","1",""
"198304172117488402","Wilfredo Taylor","865 Lazy Log Way","Novelty","","MF6 8WM","UK","126-579-1787","25.11","wilfredo.taylor@telecom.net","c4a344c04231b868759b8f79324459dc5d0cf7cdd4288f423046fbb45c07c52c","","1983-04-17 21:17:48","1",""
"199804100949212655","Dominick Cline","12 Rocky Embers Corner","Perennial","","ES32 65MO","UK","802-164-5184","881.77","dominick.cline@telecom.com","a034fa2fd62581b7be94d9e7c468712d1a9c79a495a8e962924c888fbf4f1cbc","","1998-04-10 09:49:21","1",""
"199906212132485937","Alonzo Sullivan","658 Round Brook Court","Credit","AK","67587","US","515-990-5498","344.02","alonzo.sullivan@fastmedia.net","89c1a4a802c28b4000f884418caa6037ac7e65be74a2d0facccee1660d539436","","1999-06-21 21:32:48","1",""
"198305141722418701","Edmond Shepherd","3 Velvet Willow Cove","Chili Center","","DO76 18TG","UK","698-196-5043","135.29","edmond.shepherd@southmedia.com","60b4a41305e74576332476d71d8c6ce51082a47ce3fcd944e1e922dc7e591f39","","1983-05-14 17:22:41","1",""
"197908151656055862","Omar Anthony","834 Cozy Horse Avenue","Possum Trot","SC","11996","US","286-879-7863","704.89","omar.anthony@fastmedia.com","90234439a91c3d2b3e732fe32fd926830b8922e14a8de8b3eca6f9ea7a3c9376","","1979-08-15 16:56:05","1",""
"197711120210465079","Lonnie Eaton","28 Dewy Beacon Avenue","Loving","","MW30 92VW","UK","440-880-4701","139.07","lonnie.eaton@southcom.net","d4ddae6c0fffc8d7b6a5f41eba857b9fee9efe2f91257aad6a8a19d91d3c6fe9","","1977-11-12 02:10:46","1",""
"197002222236308551","Peter Pugh","166 Fallen Panda Farms","Onalaska","","PQ58 4KG","UK","281-836-6273","651.16","peter.pugh@southnet.com","5c0f95fca5c62f3d0b90f57baf596fb082d47d2d7da0171143aacd20355981c9","","1970-02-22 22:36:30","1",""
"197404131341552868","Jesus Bright","470 Emerald Bluff Gardens","Surprise Creek Colony","NM","51366","US","421-477-3076","869.09","jesus.bright@cablenet.net","2f58370ac1f4bcbbf446389cacb0e673003e98fcfceae42ccc361992150b1ac2","","1974-04-13 13:41:55","1",""
"197108050815400350","Ramiro Bentley","247 Old Hills Pike","Blackpipe","SD","12298","US","106-365-4336","565.81","ramiro.bentley@westmedia.com","d9ca978b9d5d89d940151f27946aefd4c69caec29c6165d595a1afcdb6782424","","1971-08-05 08:15:40","1",""
"197610181039025232","Derrick Hendricks","131 Little Deer Bank","Crucible","ND","53349","US","126-470-2321","601.98","derrick.hendricks@westcom.com","126302f07ea849a0ce3cfe2d5779188947133ae249be313f88437f201deab476","","1976-10-18 10:39:02","1",""
"199610012056487771","Hans Page","356 High Mountain Edge","Nebraska","VIC","3663","AU","299-403-5986","352.98","hans.page@cablenet.com","91586e9236a947a1094758594f11f59819734080a30630626e055f6e0e7b8f98","","1996-10-01 20:56:48","1",""
"198704181636042682","Garrett Campos","594 Silver Panda Glen","Old House","ON","M7O 3E7","CA","668-573-5033","9.47","garrett.campos@fastcom.net","5269906e537def10ee05b48b94d836f60684e76254abb4a650a67da4eb880912","","1987-04-18 16:36:04","1",""
"197901160836427046","Todd Lindsey","340 Grand Shadow Edge","Squirrel Town","","FW38 8RB","UK","565-309-4959","48.91","todd.lindsey@fastnet.net","615a45a287214381382e442612b94a943a0ebc99b9677d17a78c3340061d36fd","","1979-01-16 08:36:42","1",""
"199805210108215022","Denis Snider","294 Quaking Autumn Dell","Montana","","WF9 18NV","UK","607-807-6536","266.63","denis.snider@telecom.com","a4f93501bdb206cf917aea6c04dde810b82749f58b5078a76414ebbd8f10ed5d","","1998-05-21 01:08:21","1",""
"199505011513034765","Stan Rocha","617 Tawny Robin Street","Kilowatt","RI","58221","US","769-927-2215","226.94","stan.rocha@fastmedia.net","309b2964085e8592c23bd9fa0f5af62a5ec52ac025d42446a83e8d80b1f56b11","","1995-05-01 15:13:03","1",""
"197511081709534269","Dollie Hernandez","978 Emerald Island Terrace","Clothier","SA","5727","AU","606-186-3768","385.30","dollie.hernandez@cablecom.com","5cbd8c90b0ed670d6bbea2dae7ae4ccde7c275dc767eccf6e28aa74e85052aa8","","1975-11-08 17:09:53","1",""
"199412200158144406","Aileen Duncan","934 Lazy Beacon Drive","Needmore","OK","69966","US","485-897-3845","286.20","aileen.duncan@westnet.net","63cf8021a887354f3c521405be797a22d315342f62c1267b339756a79ffc5cc1","","1994-12-20 01:58:14","1",""
"198812051120535499","Essie Short","173 Burning Wagon Swale","Chew","QC","G7L 7O8","CA","238-453-1692","325.58","essie.short@westcom.net","941cbf8da14649ac07954ef29db07c8f0c099a03c303d6c2b1dedbd366d3d9e3","","1988-12-05 11:20:53","1",""
"198503020639049281","Jami Ruiz","372 Thunder Bear Corner","Carriage Stop","","JH68 24DK","UK","287-514-1540","819.83","jami.ruiz@fastmedia.com","f5e6d6ce525e5153e2dad461da305efad4ea0c468a3fe0826da71e1c64f11f62","","1985-03-02 06:39:04","1",""
"199802120159397911","Isabel Rodriguez","886 Foggy Cloud Circle","Punta Rassa","","OY57 21CU","UK","851-485-8061","142.87","isabel.rodriguez@fastcom.net","22bdf5daf57bce20b846cc3eb579e892dfddad334a39ec263f4788813dac7365","","1998-02-12 01:59:39","1",""
"197507072230540211","Ingrid Santos","464 Stony Apple Corner","New London","QC","J7H 9C4","CA","213-795-0523","325.40","ingrid.santos@telenet.net","60b357bdc87cc82e670782f69bb0d77b47e2b7bc7cf58dfb3cd6493fe4584d5d","","1975-07-07 22:30:54","1",""
"198502130107365389","Jaime Noel","162 Gentle Cider Grove","Nanjemoy","ACT","2918","AU","557-979-0730","238.90","jaime.noel@telecom.net","e30ba7bb190fcd48cf2a7cc2f0226a76347e3177d25ac81b6504f6e7bbf95341","","1985-02-13 01:07:36","1",""
"198406032244082407","Geneva Case","969 Golden Autumn Dale","Christmas Valley","","RC38 20KL","UK","441-489-4311","268.75","geneva.case@westmedia.com","4946b307965c43f5a97deb377fe509e855d1a9619685d4be1b355620fcdb5381","","1984-06-03 22:44:08","1",""
"198203050621343349","Lucille Bradford","590 Silver Goose Stead","Duckroost","","US59 89VJ","UK","629-231-0907","677.58","lucille.bradford@westmedia.com","4fe87ad6c92db980012458c112081ce1c1d1782b461560dd6889b7fc474c302b","","1982-03-05 06:21:34","1",""
"198103041246204505","Josefina Hampton","708 Colonial Anchor Ridge","Little Axe","NH","95959","US","364-258-1885","612.14","josefina.hampton@telecom.com","efc59141932d3a65279d33ebe69c7b6af34808ddfd99737de607f71eacd6d6e5","","1981-03-04 12:46:20","1",""
"197904141825558395","Fannie Moore","615 Misty Leaf Farms","Bee House","AR","30223","US","361-724-8027","68.48","fannie.moore@cablemedia.net","1b952d5254cfe8d297da21d4423a28f629b94ee78a2e76670baad03373b94a24","","1979-04-14 18:25:55","1",""
"198707110001289624","Socorro Jimenez","961 Indian Treasure Gardens","Manifest","QLD","4712","AU","810-296-7738","576.45","socorro.jimenez@telemedia.net","e6bff7f1df4a95cae8389b681279be714340b1f6ce88607d2866ae0436a30977","","1987-07-11 00:01:28","1",""
"199408060349224333","Elba Mccall","88 Green Butterfly Vista","Rum Branch","AB","L6S 4V4","CA","117-795-8723","707.30","elba.mccall@eastcom.net","4432dfd462921c8f66268512a7790b12dad870e6cf32531a3528f18bd43e1483","","1994-08-06 03:49:22","1",""
"197512221210530361","Louella Allen","87 Clear View Lane","Stab","WA","96937","US","817-300-4727","847.65","louella.allen@telecom.net","6508fdccbea0ab01375228fc2854b868725b2f2b3b68995eb564f9f75d7185d4","","1975-12-22 12:10:53","1",""
"200003140529570104","Jeannette Merritt","634 Emerald Elk Park","Ransom","MA","90878","US","619-703-8687","146.89","jeannette.merritt@northmedia.com","dcfcb285ce030be7ba81685b54d1fce8d749efe6ba6c4c3306e25145d57a407b","","2000-03-14 05:29:57","1",""
"199911241125134727","Lana Burns","293 Hidden Forest Swale","Brian Head","NT","0205","AU","328-910-5246","261.98","lana.burns@westcom.com","3b0df7096e9da668f62ca6775171ed131aac379231b88aba1915be0739b0390b","","1999-11-24 11:25:13","1",""
"198409130518383918","Karyn Francis","871 Rocky Autumn Mews","Gassaway","","RF21 26MI","UK","385-836-7870","919.76","karyn.francis@fastnet.com","3dc3fa76e1148fedc5b221b1055f10c5c8da8daad28c5be399fd400e28c1e99b","","1984-09-13 05:18:38","1",""
"197401240757358361","Blanca Le","179 Noble Pine Place","Diagonal","NS","B6R 2T3","CA","185-787-5938","833.32","blanca.le@telecom.com","783d12a6c8b55e500dd994bce3b0d99503224919e5c6a89479454694fd17a912","","1974-01-24 07:57:35","1",""
"197406250243213275","Renee Decker","42 Robbers Way","Nome","ACT","2900","AU","660-333-4444","447.83","renee.decker@westcom.net","a164bea8b6c2641afeb37e1ef6cda412ebd41ce29dea544862bd83ea00fef509","","1974-06-25 02:43:21","1",""
"197704100312115989","Obama","100 Pennsylvania Avenue","Washington","D.C.","11111","USA","111111","0.00","obama@president.gov","731eafb6475457bd0a46ad9716785a78e252f562710a3acf74b9eb155d371ed7","http://localhost/verybadwebsite/xss.php?info=TEST","1977-04-10 03:12:11","1",""
"199005030206303346","C.T. Russell","123 Main Street","New York","NY","10001","US","555-1212","0.00","ctrussell@jw.org","f94cf96c79103c3ccad10d308c02a1db73b986e2c48962e96ecd305e0b80ef1b","http://upload.wikimedia.org/wikipedia/commons/thumb/1/18/Charles_Taze_Russell_sharp.jpg/220px-Charles_Taze_Russell_sharp.jpg","1990-05-03 02:06:30","1",""
"198302211309338550","admin","N/A","N/A","N/A","99999","UK","000-000-000","0.00","admin@sweetscomplete.com","f94cf96c79103c3ccad10d308c02a1db73b986e2c48962e96ecd305e0b80ef1b","images/consultants.png","1983-02-21 13:09:33","9",""
